{
    "houses1": [
        {
            "id": 1,
            "name": "House Stark",
            "region": "The North",
            "words": "Winter Is Coming"
        },
        {
            "id": 2,
            "name": "House Targaryen",
            "region": "Valyria",
            "words": "Fire And Blood"
        },
        {
            "id": 3,
            "name": "House Lannister",
            "region": "Westerlands",
            "words": "Hear Me Roar!"
        }
    ],
    "characters": [
        {
            "id": "5a",
            "fullName": "Sansa Stark",
            "title": "Lady of Winterfell",
            "family": "House Stark",
            "imageUrl": "https://thronesapi.com/assets/images/sansa-stark.jpeg",
            "houseId": 1
        },
        {
            "id": "6a",
            "fullName": "Arya Stark",
            "title": "No One",
            "family": "House Stark",
            "imageUrl": "https://thronesapi.com/assets/images/arya-stark.jpg",
            "houseId": 1
        },
        {
            "id": "7a",
            "fullName": "Brandon Stark",
            "title": "Lord of Winterfell",
            "family": "House Stark",
            "imageUrl": "https://thronesapi.com/assets/images/bran-stark.jpg",
            "houseId": 1
        },
        {
            "id": "8a",
            "fullName": "Jon Snow",
            "title": "King of the North",
            "family": "House Stark",
            "imageUrl": "https://thronesapi.com/assets/images/jon-snow.jpg",
            "houseId": 1
        },
        {
            "id": "9a",
            "fullName": "Daenerys Targaryen",
            "title": "Mother of Dragons",
            "family": "House Targaryen",
            "imageUrl": "https://thronesapi.com/assets/images/daenerys.jpg",
            "houseId": 2
        },
        {
            "id": "11a",
            "fullName": "Jamie Lannister",
            "title": "Lord Commander of the Kingsguard",
            "family": "House Lannister",
            "imageUrl": "https://thronesapi.com/assets/images/jaime-lannister.jpg",
            "houseId": 3
        },
        {
            "id": "12a",
            "fullName": "Cersei Lannister",
            "title": "Lady of Casterly Rock",
            "family": "House Lannister",
            "imageUrl": "https://thronesapi.com/assets/images/cersei.jpg",
            "houseId": 3
        },
        {
            "id": "13a",
            "fullName": "Tyrion Lannister",
            "title": "Hand of the Queen",
            "family": "House Lanister",
            "imageUrl": "https://thronesapi.com/assets/images/tyrion-lannister.jpg",
            "houseId": 3
        }
    ],
    "houses": [
        {
          "id": 1,
          "name": "House Stark",
          "region": "The North",
          "words": "Winter Is Coming",
          "characters": [
            {
              "id": "5a",
              "fullName": "Sansa Stark",
              "title": "Lady of Winterfell",
              "family": "House Stark",
              "imageUrl": "https://thronesapi.com/assets/images/sansa-stark.jpeg",
              "houseId": 1
            },
            {
              "id": "6a",
              "fullName": "Arya Stark",
              "title": "No One",
              "family": "House Stark",
              "imageUrl": "https://thronesapi.com/assets/images/arya-stark.jpg",
              "houseId": 1
            },
            {
              "id": "7a",
              "fullName": "Brandon Stark",
              "title": "Lord of Winterfell",
              "family": "House Stark",
              "imageUrl": "https://thronesapi.com/assets/images/bran-stark.jpg",
              "houseId": 1
            },
            {
              "id": "8a",
              "fullName": "Jon Snow",
              "title": "King of the North",
              "family": "House Stark",
              "imageUrl": "https://thronesapi.com/assets/images/jon-snow.jpg",
              "houseId": 1
            }
          ]
        },
        {
          "id": 2,
          "name": "House Targaryen",
          "region": "Valyria",
          "words": "Fire And Blood",
          "characters": [
            {
              "id": "9a",
              "fullName": "Daenerys Targaryen",
              "title": "Mother of Dragons",
              "family": "House Targaryen",
              "imageUrl": "https://thronesapi.com/assets/images/daenerys.jpg",
              "houseId": 2
            }
          ]
        },
        {
          "id": 3,
          "name": "House Lannister",
          "region": "Westerlands",
          "words": "Hear Me Roar!",
          "characters": [
            {
              "id": "11a",
              "fullName": "Jamie Lannister",
              "title": "Lord Commander of the Kingsguard",
              "family": "House Lannister",
              "imageUrl": "https://thronesapi.com/assets/images/jaime-lannister.jpg",
              "houseId": 3
            },
            {
              "id": "12a",
              "fullName": "Cersei Lannister",
              "title": "Lady of Casterly Rock",
              "family": "House Lannister",
              "imageUrl": "https://thronesapi.com/assets/images/cersei.jpg",
              "houseId": 3
            },
            {
              "id": "13a",
              "fullName": "Tyrion Lannister",
              "title": "Hand of the Queen",
              "family": "House Lanister",
              "imageUrl": "https://thronesapi.com/assets/images/tyrion-lannister.jpg",
              "houseId": 3
            }
          ]
        }
      ]
}