{
  "products": [
   {
    "id": 1,
    "name": "Remera Henry",
    "description": "Remera 100% algodón de Soy Henry.",
    "price": 120,
    "image": "https://res.cloudinary.com/coco-mall/image/upload/v1639500774/imagen1_ng09j4.png",
    "stock": 10
   },
   {
    "id": 2,
    "name": "Lapicera Henry",
    "description": "Una simple lapicera que nos permite graficar nuestro código. Ideal compañera de la Agenda Henry.",
    "price": 60,
    "image": "https://res.cloudinary.com/coco-mall/image/upload/v1639500775/Imagen2_lkc64l.jpg",
    "stock": 50
   },
   {
    "id": 3,
    "name": "Agenda Henry",
    "description": "Agenda 2022 de Soy Henry.",
    "price": 100,
    "image": "https://res.cloudinary.com/coco-mall/image/upload/v1639500778/imagen3_s7lpah.png",
    "stock": 5
   },
   {
    "id": 4,
    "name": "Zapatillas Henry",
    "description": "Para cuando dejamos de codear y queremos salir a caminar.",
    "price": 110,
    "image": "https://res.cloudinary.com/coco-mall/image/upload/v1639500782/imagen4_dvpvza.webp",
    "stock": 8
   },
   {
    "id": 5,
    "name": "Pantalones Henry",
    "description": "Pantalones ultra holgados, ideales para cualquier epoca del año.",
    "price": 200,
    "image": "https://res.cloudinary.com/coco-mall/image/upload/v1639500783/imagen5_mf55zm.jpg",
    "stock": 3
   }
  ]
 }
 